1	1	16710INDSILI	4	EA																						Y
1	2	22504PLAS05	1	CS																						Y
1	3	64504700NAT	31	CS																						Y
1	4	16710INDSILI	8	EA																						Y
1	5	735042000	82	CS																						Y
1	6	439012433R8C	20	CS																						Y
1	7	31807TRAPEZE	3	EA																						Y
1	8	74503SHLSHNG	2	EA																						Y
1	9	523014347BLK	112	CS																						Y
1	10	44107SWHOTEL	11	PK																						Y
1	11	60508METLX5G	3	EA																						Y
1	12	735049021	1	EA																						Y
1	13	45202GLVRUBS	10	PR																						Y
1	14	56203SOAPSCM	1	EA																						Y
1	15	73502PURPL09	3	PR																						Y
1	16	81702BLULNTR	12	BX																						Y
1	17	74704CAST225	13	CS																						Y
1	18	5950717BLUE	1	EA																						Y
1	19	735041510	132	PK																						Y
1	20	360035163	1	EA																						Y
1	21	59503FC27EXT	4	EA																						Y
1	22	360031904-02	2	CS																						Y
1	23	84906DUSTCOV	4	PK																						Y
1	24	63001#3860HH	2	CS																						Y
1	25	73605ORGLARG	1	EA																						Y
1	26	225045B20BL	1	CS																						Y
1	27	735049765	1	EA																						Y
1	28	31504B300TB	1	RL																						Y
1	29	16702WOODHUE	13	EA																						Y
1	30	60503LEMQUAT	1	EA																						Y
1	31	73605GRIPR60	18	EA																						Y
1	32	59003CITRAIR	1	EA																						Y
1	33	715012631GRY	1	EA																						Y
1	34	68005MAGICS	5	EA																						Y
1	35	16703DSP9000	2	EA																						Y
1	36	60503WASHBRT	15	EA																						Y
1	37	64504300WHT	10	CS																						Y
1	38	64504JRT1PLY	3	CS																						Y
1	39	68005XTRAPWR	2	CS																						Y
1	40	23510JUGPUMP	12	EA																						Y
1	41	735044442	1	CS																						Y
1	42	439013860R17	6	CS																						Y
1	43	68003DAWN38Z	11	EA																						Y
1	44	6800397800	2	EA																						Y
1	45	04110BEDBUGS	7	EA																						Y
1	46	7210391595	3	CS																						Y
1	47	84502D24X5HD	4	EA																						Y
1	48	735041005	1	CS																						Y
1	49	14510STRMGRD	58	EA																						Y
1	50	60503GLASCON	2	EA																						Y
